{ "compressionlevel":-1,
 "editorsettings":
    {
     "export":
        {
         "format":"csv",
         "target":"jeuderole2.csv"
        }
    },
 "height":24,
 "infinite":false,
 "layers":[
        {
         "compression":"zlib",
         "data":"eJztljsSwCAIRLmNdWa8\/9mS2lHCZ3egsNjGOPiAFTNEZHx6mmksisSYGyHYZpJL41zzjtSAkS863l\/PLb5A9NDrScZezQtVfCfvdeE77a3i0zy5rkfv0i7+aU5k+KKynNmNT6unJ252Zlv5EHkz68fgs97nCI+lT9p3z7xB8ll9huLLvLvI\/iL2RPuCOpv5LrH5tFmH+Ge\/4vS0iqs73ws0QrMp",
         "encoding":"base64",
         "height":24,
         "id":1,
         "name":"Tile Layer 1",
         "opacity":1,
         "type":"tilelayer",
         "visible":true,
         "width":40,
         "x":0,
         "y":0
        }],
 "nextlayerid":2,
 "nextobjectid":1,
 "orientation":"orthogonal",
 "renderorder":"right-down",
 "tiledversion":"1.3.1",
 "tileheight":32,
 "tilesets":[
        {
         "firstgid":1,
         "source":"jeuderole.tsx"
        }],
 "tilewidth":32,
 "type":"map",
 "version":1.2,
 "width":40
}